User Input,Chatbot Response,Timestamp
hello,Hi there,2024-09-10 01:21:51
how are you ,My purpose is to assist you,2024-09-10 01:21:57
weather ,"I'm sorry, I cannot provide real-time weather information.",2024-09-10 01:22:20
How do I create a budget,"To make a budget, start by tracking your income and expenses. Then, allocate your income towards essential expenses like rent, food, and bills. Next, allocate some of your income towards savings and debt repayment. Finally, allocate the remainder of your income towards discretionary expenses like entertainment and hobbies.",2024-09-10 01:22:30
Today is a nice weather,"I'm sorry, I cannot provide real-time weather information.",2024-10-03 08:29:52
How's the weather today,"I'm sorry, I cannot provide real-time weather information.",2024-10-03 08:30:47
Hi,Hello,2024-10-03 08:30:56
hello,Nothing much,2024-12-07 10:55:21
hello,"I'm fine, thank you",2024-12-07 17:14:10
hello,Hello,2024-12-07 17:52:03
hello,Hi there,2024-12-07 18:08:09
hello,Hello!,2024-12-07 18:28:42
hello,"Hi there, how can I help?",2024-12-07 18:57:23
hello,Hello!,2024-12-07 19:02:21
hello,Good to see you!,2024-12-07 19:04:06
hello,"Hi there, how can I help?",2024-12-07 19:08:24
hello,"Hi there, how can I help?",2024-12-08 19:09:40
what is your name,You can call me Mind Reader. I'm a Chatbot.,2024-12-08 19:09:51
what service do you provide,Good to see you!,2024-12-08 19:10:05
Who are you,You can call me Mind Reader. I'm a Chatbot.,2024-12-08 19:14:03
todays date,Hello!,2024-12-08 19:14:12
create a message as hello,Good to see you!,2024-12-08 19:14:21
hello,Good to see you!,2024-12-09 15:58:24
hello,Hello!,2024-12-09 16:57:57
what is tutor fee,"Educational Tutor provides insights into institutions known for their highly qualified and passionate educators, ensuring students receive exceptional guidance and support.",2024-12-09 16:58:07
what is the cost of using it,"Educational Tutor provides insights into institutions known for their highly qualified and passionate educators, ensuring students receive exceptional guidance and support.",2024-12-09 17:12:39
is it free to use,"Educational Tutor provides insights into institutions known for their highly qualified and passionate educators, ensuring students receive exceptional guidance and support.",2024-12-09 17:17:57
is it free to use,"Educational Tutor provides insights into institutions known for their highly qualified and passionate educators, ensuring students receive exceptional guidance and support.",2024-12-09 17:18:23
is it free to use,"Educational Tutor provides insights into institutions known for their highly qualified and passionate educators, ensuring students receive exceptional guidance and support.",2024-12-09 17:18:54
is educational tutor free to use,Educational Tutor is free to use! It's designed to make quality education accessible to everyone.,2024-12-09 17:19:27
is it free to use,"Educational Tutor provides insights into institutions known for their highly qualified and passionate educators, ensuring students receive exceptional guidance and support.",2024-12-09 17:19:37
is it free to use,"Educational Tutor provides insights into institutions known for their highly qualified and passionate educators, ensuring students receive exceptional guidance and support.",2024-12-09 17:20:21
is it free to usablitiy,"Educational Tutor provides insights into institutions known for their highly qualified and passionate educators, ensuring students receive exceptional guidance and support.",2024-12-09 17:20:34
is educational tutor free to use,Educational Tutor is free to use! It's designed to make quality education accessible to everyone.,2024-12-09 17:20:45
is it free to use,"Educational Tutor provides insights into institutions known for their highly qualified and passionate educators, ensuring students receive exceptional guidance and support.",2024-12-09 17:21:21
benefits of using you,"Educational Tutor provides insights into institutions known for their highly qualified and passionate educators, ensuring students receive exceptional guidance and support.",2024-12-09 17:23:57
benefits of you,"Educational Tutor provides insights into institutions known for their highly qualified and passionate educators, ensuring students receive exceptional guidance and support.",2024-12-09 17:24:06
benefits ,"Educational Tutor provides insights into institutions known for their highly qualified and passionate educators, ensuring students receive exceptional guidance and support.",2024-12-09 17:24:13
benefits of using educational tutor,"Educational Tutor provides insights into institutions known for their highly qualified and passionate educators, ensuring students receive exceptional guidance and support.",2024-12-09 17:25:43
what ,"Educational Tutor provides insights into institutions known for their highly qualified and passionate educators, ensuring students receive exceptional guidance and support.",2024-12-09 17:25:57
what are the benefits of using Educational Tutor,"Educational Tutor provides insights into institutions known for their highly qualified and passionate educators, ensuring students receive exceptional guidance and support.",2024-12-09 17:26:08
what are the benefits of Educational tutor,Educational Tutor helps to increase your learning efficiency and supports you education.,2024-12-09 17:26:15
can you help to choose future carrer,"Educational Tutor provides insights into institutions known for their highly qualified and passionate educators, ensuring students receive exceptional guidance and support.",2024-12-09 17:38:19
can you help to choose future,"I'm here to help with your studies, provide learning tips, and answer questions on academic topics. How can I assist you today?",2024-12-09 17:38:27
can you help me for future carrer?,"Educational Tutor provides insights into institutions known for their highly qualified and passionate educators, ensuring students receive exceptional guidance and support.",2024-12-09 17:38:47
can you help me future carrer,"Effective study involves setting clear goals, staying organized, and taking regular breaks. Educational Tutor can guide you step-by-step on how to excel.",2024-12-09 17:39:49
can you help me for future carrer,"Educational Tutor is here to help you decide future carrer path, at the end its you only.",2024-12-09 17:40:18
can you help me for future carrer?,Educational Tutor can guide you to choose future carrer options.,2024-12-09 17:40:25
how can i decide my carrer path,Hello!,2024-12-09 17:40:39
how can i decide my carrer path?,Hello!,2024-12-09 17:40:51
Do you offer any courses?,No i dont provide any courses.,2024-12-09 17:49:37
Who made you,I was created by Humans.,2024-12-09 17:49:46
Who created you,I was created by Humans.,2024-12-09 17:50:26
Who created you,I was created by Humans.,2024-12-09 17:50:29
what is educational tuttor,"Educational Tutor is here to assist you with learning, quizzes, and providing guidance on academic topics. It's your personal study companion!",2024-12-09 17:50:47
where can i find courses,Good to see you!,2024-12-09 18:05:12
provide online courses,Hello!,2024-12-09 18:05:28
what is educational tutor,Educational Tutor is here to assist you with Guide you on Educational Tools and Technology.,2024-12-09 18:06:51
where can i get top online courses,"You can find top online courses on apps like: Udemy, Coursera",2024-12-09 18:07:12
suggest course,Hello!,2024-12-09 18:07:28
suggest course resources,Hello!,2024-12-09 18:07:36
top online courses,"You can find top online courses on apps like: Udemy, Coursera",2024-12-09 18:07:51
guide on online courses,"Hi there, how can I help?",2024-12-09 18:08:03
what do you do,Educational tutor here to assist you on Educational Tools and Technology.,2024-12-09 18:11:46
metaverse in education,"Hi there, how can I help?",2024-12-09 18:24:17
What is metaverser role in education,"Hi there, how can I help?",2024-12-09 18:24:34
What is metaverse role in education,It enables students to attend the letcures and interact with peers in a virtual environment.,2024-12-09 18:24:51
smart classromms,"Smart classrooms use IoT and AI to create adaptive, tech-enabled learning spaces.",2024-12-09 18:27:41
ai,Platforms like Grammarly and adaptive quizzes enhance learning efficiency.,2024-12-09 18:29:36
ai in education,AI tools personalize learning by adapting content to each studentâ€™s pace.,2024-12-09 18:29:50
ai,AI tools personalize learning by adapting content to each students pace.,2024-12-09 18:30:30
what can you do,"I'm here to help with your studies, provide learning tips, and answer questions on academic topics. How can I assist you today?",2024-12-09 22:41:20
what do you do,Educational tutor here to assist you on Educational Tools and Technology.,2024-12-09 22:43:30
what can you do,"I'm here to help with your studies, and Guide to Educational tools & Innovation. How can I assist you today?",2024-12-09 22:43:43
ebook,Use Youtube as a Educational tool for learning.,2024-12-09 23:14:42
where can i download ebooks,Use Youtube as a Educational tool for learning.,2024-12-09 23:15:22
where can i download ebooks,Use Youtube as a Educational tool for learning.,2024-12-09 23:18:07
ebook,"For textbooks, try Websites like Project Gutenberg or archive.org",2024-12-09 23:21:01
where can i find e books,Use Youtube as a Educational tool for learning.,2024-12-09 23:21:16
where can i download ebooks,"For textbooks, try Websites like Project Gutenberg or archive.org",2024-12-09 23:21:27
e-books,"For textbooks, try Websites like Project Gutenberg or archive.org",2024-12-09 23:22:01
e-books,"For textbooks, try Websites like Project Gutenberg or archive.org",2024-12-09 23:24:26
where can i download e-books,Open library is also great for accessing textbooks and e-books,2024-12-09 23:24:36
suggest platforms for ebooks,"For textbooks, try Websites like Project Gutenberg or archive.org",2024-12-09 23:24:52
suggest platforms ,"For coding-related materials - W3Schools, GeeksforGeeks, and Codecademy are excellent choices.",2024-12-09 23:25:28
suggest platforms for e-books,"You can find free resources on Khan Academy, and MIT OpenCourseWare",2024-12-09 23:25:34
suggest plantforms for e-books,"For coding-related materials - W3Schools, GeeksforGeeks, and Codecademy are excellent choices.",2024-12-09 23:26:46
suggest platforms for e-books,Engage in group projects.,2024-12-09 23:27:24
Suggest platforms for e-book,Engage in group projects.,2024-12-09 23:27:46
Suggest platforms for e-book,"Use platforms like Coursera, Udemy, and Codecademy for learning new skills.",2024-12-09 23:27:58
study resources,"You can find free resources on Khan Academy, and MIT OpenCourseWare",2024-12-09 23:28:28
where can i get free study materials,"For coding-related materials - W3Schools, GeeksforGeeks, and Codecademy are excellent choices.",2024-12-09 23:28:40
educational tools,"You can find free resources on Khan Academy, and MIT OpenCourseWare",2024-12-09 23:29:15
suggest resources for study guide,"You can find free resources on Khan Academy, and MIT OpenCourseWare",2024-12-09 23:29:32
suggest educational tools,"You can find free resources on Khan Academy, and MIT OpenCourseWare",2024-12-09 23:29:52
where can i get free study materials,"For coding-related materials - W3Schools, GeeksforGeeks, and Codecademy are excellent choices.",2024-12-09 23:30:08
give carrer guidance,Hello!,2024-12-09 23:30:22
carrer guidance,"Hi there, how can I help?",2024-12-09 23:30:30
carrer guidance,Internships and networking can help you understand the job market,2024-12-09 23:30:56
carrer guidance,Platforms like LinkedIn and Glassdoor are great for job opportunities,2024-12-09 23:31:36
what should i do after graduation,Platforms like LinkedIn and Glassdoor are great for job opportunities,2024-12-09 23:31:47
how can i imporve my skills,Engage in group projects.,2024-12-09 23:32:06
how can i improve my skills,Engage in group projects.,2024-12-09 23:32:11
how can i improve my skills,Focus on developing both soft skills and technical skills for your field.,2024-12-09 23:32:36
suggest platforms for skills development,Focus on developing both soft skills and technical skills for your field.,2024-12-09 23:33:09
suggest platforms for skills development,"Use platforms like Coursera, Udemy, and Codecademy for learning new skills.",2024-12-09 23:33:30
where can i find scholorships,"For coding-related materials - W3Schools, GeeksforGeeks, and Codecademy are excellent choices.",2024-12-09 23:33:56
Where can i find scholarships,"You can find free resources on Khan Academy, and MIT OpenCourseWare",2024-12-09 23:34:45
Where can i get scholarships,"You can find free resources on Khan Academy, and MIT OpenCourseWare",2024-12-09 23:35:10
about scholorships,"Hi there, how can I help?",2024-12-09 23:35:21
where can i get scholorships,"You can find free resources on Khan Academy, and MIT OpenCourseWare",2024-12-09 23:35:31
where can i get scholarships,Good to see you!,2024-12-09 23:36:05
where can i get scholarship,Good to see you!,2024-12-09 23:36:14
where can i get scholarshi[s,"Hi there, how can I help?",2024-12-09 23:36:33
where can i get scholarships,Good to see you!,2024-12-09 23:36:38
tell me about scholarships,Visit government or private websites for scholarship listings. Many universities also have dedicated portals.,2024-12-09 23:39:20
scholarships,"You can explore scholarship opportunities on platforms like Scholarships.com, Chegg, or your local university's website.",2024-12-09 23:42:20
scholarships,Visit government or private websites for scholarship listings. Many universities also have dedicated portals.,2024-12-10 15:37:18
scholarships,Visit government or private websites for scholarship listings. Many universities also have dedicated portals.,2024-12-10 15:37:25
hello,"Hi there, how can I help?",2024-12-10 15:51:16
hello,Hello!,2024-12-10 15:56:26
fdfdf,"Hi there, how can I help?",2024-12-10 15:57:04
ddf,Hello!,2024-12-10 15:57:22
fdff,Good to see you!,2024-12-10 15:58:17
hii,Good to see you!,2024-12-10 15:58:31
dfdfdf,"Hi there, how can I help?",2024-12-10 16:01:45
hello,"Hi there, how can I help?",2024-12-10 16:03:01
hii,Good to see you!,2024-12-10 16:03:28
g,Hello!,2024-12-10 16:03:41
hello,"Hi there, how can I help?",2024-12-10 16:20:13
what are the latest trends in educational technology,Emerging tools like virtual labs and adaptive learning platforms are making education more engaging.,2024-12-10 16:20:42
hello,Good to see you!,2024-12-10 16:24:05
dsd,Good to see you!,2024-12-10 16:28:45
dfdf,Good to see you!,2024-12-10 18:33:35
dfdf,Hello!,2024-12-10 18:39:02
hello,Hello!,2024-12-10 18:45:08
hii,"Hi there, how can I help?",2024-12-10 18:45:16
hii,Good to see you!,2024-12-10 18:58:25
scholarships,"You can explore scholarship opportunities on platforms like Scholarships.com, Chegg, or your local university's website.",2024-12-10 18:58:34
dfdf,"Hi there, how can I help?",2024-12-10 19:02:28
ai in education,Platforms like Grammarly and adaptive quizzes enhance learning efficiency.,2024-12-10 19:04:46
hello,Good to see you!,2024-12-11 14:12:31
hello,"Hi there, how can I help?",2024-12-11 16:24:57
hello,"Hi there, how can I help?",2024-12-11 16:37:51
hello,Good to see you!,2024-12-11 17:20:22
thankyou,"To cite sources properly, follow the citation style required (e.g., APA, MLA, Chicago) and ensure you provide complete and accurate bibliographic details.",2024-12-11 17:20:32
thanks,"Academic integrity refers to maintaining honesty and fairness in all academic work, including avoiding plagiarism and cheating.",2024-12-11 17:21:23
Thanks,"To avoid plagiarism, always cite your sources, paraphrase information properly, and use quotation marks when directly quoting someone’s work.",2024-12-11 17:21:40
Thanks,"If you find out a classmate is cheating, it's important to report it to the appropriate academic authorities to maintain fairness in the academic community.",2024-12-11 17:21:49
hello,Good to see you!,2024-12-11 17:25:16
Thanks,"If you find out a classmate is cheating, it's important to report it to the appropriate academic authorities to maintain fairness in the academic community.",2024-12-11 17:25:28
What can you do?,"I can assist you with answering questions, telling jokes, providing weather updates, and more!",2024-12-11 17:25:58
What can you do?,"I’m here to help with general queries, offer assistance, and just chat!",2024-12-11 17:58:36
